<?xml version="1.0" encoding="UTF-8"?>
<!--
  #%L
  javaee8-essentials-archetype
  %%
  Copyright (C) 2017 Adam Bien
  %%
  Licensed under the Apache License, Version 2.0 (the "License");
  you may not use this file except in compliance with the License.
  You may obtain a copy of the License at

       http://www.apache.org/licenses/LICENSE-2.0

Unless required by applicable law or agreed to in writing, software
distributed under the License is distributed on an "AS IS" BASIS,
WITHOUT WARRANTIES OR CONDITIONS OF ANY KIND, either express or implied.
See the License for the specific language governing permissions and
limitations under the License.
#L%
-->

<archetype-descriptor xsi:schemaLocation="http://maven.apache.org/plugins/maven-archetype-plugin/archetype-descriptor/1.0.0 http://maven.apache.org/xsd/archetype-descriptor-1.0.0.xsd" name="javaee8-essentials-archetype"
                      xmlns="http://maven.apache.org/plugins/maven-archetype-plugin/archetype-descriptor/1.0.0"
                      xmlns:xsi="http://www.w3.org/2001/XMLSchema-instance">
    <fileSets>
        <fileSet filtered="true" packaged="false" encoding="UTF-8">
            <directory>src/main/java</directory>
            <includes>
                <include>**/*.java</include>
            </includes>
        </fileSet>
        <fileSet filtered="true" packaged="false" encoding="UTF-8">
            <directory>src/main/resources</directory>
            <includes>
                <include>**/*.xml</include>
                <include>**/*.properties</include>
            </includes>
        </fileSet>
        <fileSet filtered="true" packaged="false" encoding="UTF-8">
            <directory>src/main/webapp</directory>
            <includes>
                <include>**/*.xml</include>
                <include>**/*.properties</include>
            </includes>
        </fileSet>

        <fileSet filtered="false" packaged="false" encoding="UTF-8">
            <directory></directory>
            <includes>
                <include>.gitignore</include>

            </includes>
        </fileSet>

        <fileSet filtered="true" packaged="false" encoding="UTF-8">
            <directory></directory>
            <includes>
                <include>README.md</include>                
                <include>Dockerfile</include>
                <include>buildAndRun.sh</include>                
                <include>buildAndRun.js</include>                
            </includes>
        </fileSet>
        
    </fileSets>
</archetype-descriptor>
